GO_cat,aging
aging,FBgn0000097
aging,FBgn0000257
aging,FBgn0000261
aging,FBgn0000330
aging,FBgn0000482
aging,FBgn0000546
aging,FBgn0000565
aging,FBgn0001087
aging,FBgn0001202
aging,FBgn0001223
aging,FBgn0001225
aging,FBgn0001226
aging,FBgn0001230
aging,FBgn0001247
aging,FBgn0001257
aging,FBgn0001291
aging,FBgn0002525
aging,FBgn0002566
aging,FBgn0002719
aging,FBgn0002774
aging,FBgn0002921
aging,FBgn0003068
aging,FBgn0003118
aging,FBgn0003205
aging,FBgn0003210
aging,FBgn0003256
aging,FBgn0003301
aging,FBgn0003308
aging,FBgn0003360
aging,FBgn0003435
aging,FBgn0003462
aging,FBgn0003502
aging,FBgn0003731
aging,FBgn0004373
aging,FBgn0004406
aging,FBgn0004507
aging,FBgn0004647
aging,FBgn0004657
aging,FBgn0004901
aging,FBgn0005198
aging,FBgn0005278
aging,FBgn0010213
aging,FBgn0010303
aging,FBgn0010531
aging,FBgn0011300
aging,FBgn0011455
aging,FBgn0012051
aging,FBgn0013672
aging,FBgn0013762
aging,FBgn0014141
aging,FBgn0014391
aging,FBgn0015269
aging,FBgn0015575
aging,FBgn0015765
aging,FBgn0015805
aging,FBgn0015946
aging,FBgn0016076
aging,FBgn0016120
aging,FBgn0020238
aging,FBgn0020653
aging,FBgn0021796
aging,FBgn0022764
aging,FBgn0023000
aging,FBgn0023511
aging,FBgn0024248
aging,FBgn0024291
aging,FBgn0024432
aging,FBgn0024846
aging,FBgn0025352
aging,FBgn0025800
aging,FBgn0026317
aging,FBgn0026404
aging,FBgn0026439
aging,FBgn0027111
aging,FBgn0027491
aging,FBgn0027492
aging,FBgn0027779
aging,FBgn0028479
aging,FBgn0028707
aging,FBgn0028956
aging,FBgn0029002
aging,FBgn0029840
aging,FBgn0029856
aging,FBgn0029976
aging,FBgn0030057
aging,FBgn0030092
aging,FBgn0030350
aging,FBgn0030501
aging,FBgn0030695
aging,FBgn0030718
aging,FBgn0030766
aging,FBgn0031148
aging,FBgn0031263
aging,FBgn0031461
aging,FBgn0031820
aging,FBgn0031885
aging,FBgn0032210
aging,FBgn0032699
aging,FBgn0032840
aging,FBgn0033096
aging,FBgn0033127
aging,FBgn0033448
aging,FBgn0033799
aging,FBgn0033846
aging,FBgn0034009
aging,FBgn0034219
aging,FBgn0034312
aging,FBgn0034366
aging,FBgn0034521
aging,FBgn0034877
aging,FBgn0034897
aging,FBgn0035131
aging,FBgn0035132
aging,FBgn0035468
aging,FBgn0035623
aging,FBgn0035789
aging,FBgn0035847
aging,FBgn0035977
aging,FBgn0036046
aging,FBgn0036191
aging,FBgn0036568
aging,FBgn0036756
aging,FBgn0036816
aging,FBgn0037574
aging,FBgn0037802
aging,FBgn0037873
aging,FBgn0037960
aging,FBgn0038074
aging,FBgn0038167
aging,FBgn0038197
aging,FBgn0038476
aging,FBgn0038519
aging,FBgn0038570
aging,FBgn0038788
aging,FBgn0038880
aging,FBgn0039003
aging,FBgn0039044
aging,FBgn0039576
aging,FBgn0040070
aging,FBgn0040294
aging,FBgn0040309
aging,FBgn0041342
aging,FBgn0042132
aging,FBgn0043792
aging,FBgn0045442
aging,FBgn0045443
aging,FBgn0050410
aging,FBgn0051148
aging,FBgn0051216
aging,FBgn0051414
aging,FBgn0052475
aging,FBgn0052672
aging,FBgn0053126
aging,FBgn0053138
aging,FBgn0083087
aging,FBgn0086355
aging,FBgn0086361
aging,FBgn0243512
aging,FBgn0259170
aging,FBgn0259176
aging,FBgn0260466
aging,FBgn0261545
aging,FBgn0261560
aging,FBgn0262169
aging,FBgn0262368
aging,FBgn0262866
aging,FBgn0262975
aging,FBgn0263316
aging,FBgn0263397
aging,FBgn0263490
aging,FBgn0266137
aging,FBgn0266557
aging,FBgn0283472
aging,FBgn0283499
aging,FBgn0284245
cell_resp_starv,FBgn0000257
cell_resp_starv,FBgn0000258
cell_resp_starv,FBgn0000259
cell_resp_starv,FBgn0000260
cell_resp_starv,FBgn0000261
cell_resp_starv,FBgn0000262
cell_resp_starv,FBgn0000263
cell_resp_starv,FBgn0000264
cell_resp_starv,FBgn0000265
cell_resp_starv,FBgn0000266
cell_resp_starv,FBgn0000267
cell_resp_starv,FBgn0000268
cell_resp_starv,FBgn0000269
cell_resp_starv,FBgn0000270
cell_resp_starv,FBgn0000271
cell_resp_starv,FBgn0000272
cell_resp_starv,FBgn0000273
cell_resp_starv,FBgn0000274
cell_resp_starv,FBgn0000275
cell_resp_starv,FBgn0000276
cell_resp_starv,FBgn0000277
cell_resp_starv,FBgn0000278
cell_resp_starv,FBgn0000279
cell_resp_starv,FBgn0000280
cell_resp_starv,FBgn0000281
cell_resp_starv,FBgn0000282
cell_resp_starv,FBgn0000283
cell_resp_starv,FBgn0000284
cell_resp_starv,FBgn0000285
cell_resp_starv,FBgn0000286
cell_resp_starv,FBgn0000287
cell_resp_starv,FBgn0000288
cell_resp_starv,FBgn0000289
cell_resp_starv,FBgn0000290
cell_resp_starv,FBgn0000291
cell_resp_starv,FBgn0000292
cell_resp_starv,FBgn0000293
cell_resp_starv,FBgn0000294
cell_resp_starv,FBgn0000295
cell_resp_starv,FBgn0000296
cell_resp_starv,FBgn0000297
cell_resp_starv,FBgn0000298
cell_resp_starv,FBgn0000299
cell_resp_starv,FBgn0000300
cell_resp_starv,FBgn0000301
cell_resp_starv,FBgn0000302
cell_resp_starv,FBgn0000303
cell_resp_starv,FBgn0000304
cell_resp_starv,FBgn0000305
cell_resp_starv,FBgn0000306
cell_resp_starv,FBgn0000307
cell_resp_starv,FBgn0000308
cell_resp_starv,FBgn0000309
cell_resp_starv,FBgn0000310
cell_resp_starv,FBgn0000311
cell_resp_starv,FBgn0000312
cell_resp_starv,FBgn0000313
cell_resp_starv,FBgn0000314
cell_resp_starv,FBgn0000315
cell_resp_starv,FBgn0000316
gluc_homeo,FBgn0000064
gluc_homeo,FBgn0000206
gluc_homeo,FBgn0000579
gluc_homeo,FBgn0001092
gluc_homeo,FBgn0001186
gluc_homeo,FBgn0001187
gluc_homeo,FBgn0003071
gluc_homeo,FBgn0003074
gluc_homeo,FBgn0004552
gluc_homeo,FBgn0004654
gluc_homeo,FBgn0004914
gluc_homeo,FBgn0005558
gluc_homeo,FBgn0015024
gluc_homeo,FBgn0015279
gluc_homeo,FBgn0015721
gluc_homeo,FBgn0020236
gluc_homeo,FBgn0020949
gluc_homeo,FBgn0020950
gluc_homeo,FBgn0021123
gluc_homeo,FBgn0021124
gluc_homeo,FBgn0023143
gluc_homeo,FBgn0023479
gluc_homeo,FBgn0024248
gluc_homeo,FBgn0028561
gluc_homeo,FBgn0028978
gluc_homeo,FBgn0029155
gluc_homeo,FBgn0032940
gluc_homeo,FBgn0034140
gluc_homeo,FBgn0036046
gluc_homeo,FBgn0036111
gluc_homeo,FBgn0038167
gluc_homeo,FBgn0038197
gluc_homeo,FBgn0038984
gluc_homeo,FBgn0042710
gluc_homeo,FBgn0042711
gluc_homeo,FBgn0042720
gluc_homeo,FBgn0042721
gluc_homeo,FBgn0042855
gluc_homeo,FBgn0042856
gluc_homeo,FBgn0075591
gluc_homeo,FBgn0077295
gluc_homeo,FBgn0080810
gluc_homeo,FBgn0081724
gluc_homeo,FBgn0086355
gluc_homeo,FBgn0086687
gluc_homeo,FBgn0089658
gluc_homeo,FBgn0094627
gluc_homeo,FBgn0097733
gluc_homeo,FBgn0097741
gluc_homeo,FBgn0099318
gluc_homeo,FBgn0103774
gluc_homeo,FBgn0103776
gluc_homeo,FBgn0110533
gluc_homeo,FBgn0111979
gluc_homeo,FBgn0114539
gluc_homeo,FBgn0126883
gluc_homeo,FBgn0126884
gluc_homeo,FBgn0128927
gluc_homeo,FBgn0137505
gluc_homeo,FBgn0142679
gluc_homeo,FBgn0144795
gluc_homeo,FBgn0145349
gluc_homeo,FBgn0145350
gluc_homeo,FBgn0145351
gluc_homeo,FBgn0145352
gluc_homeo,FBgn0148628
gluc_homeo,FBgn0153481
gluc_homeo,FBgn0159053
gluc_homeo,FBgn0159440
gluc_homeo,FBgn0159589
gluc_homeo,FBgn0161134
gluc_homeo,FBgn0165271
gluc_homeo,FBgn0165272
gluc_homeo,FBgn0166319
gluc_homeo,FBgn0166320
gluc_homeo,FBgn0175034
gluc_homeo,FBgn0178984
gluc_homeo,FBgn0190430
gluc_homeo,FBgn0196098
gluc_homeo,FBgn0196916
gluc_homeo,FBgn0202308
gluc_homeo,FBgn0206302
gluc_homeo,FBgn0210961
gluc_homeo,FBgn0210964
gluc_homeo,FBgn0210965
gluc_homeo,FBgn0211198
gluc_homeo,FBgn0215955
gluc_homeo,FBgn0215975
gluc_homeo,FBgn0218162
gluc_homeo,FBgn0220965
gluc_homeo,FBgn0221142
gluc_homeo,FBgn0223534
gluc_homeo,FBgn0243318
gluc_homeo,FBgn0247798
gluc_homeo,FBgn0264574
gluc_homeo,FBgn0267385
gluc_homeo,FBgn0280267
gluc_homeo,FBgn0283499
det_adul_life,FBgn0000097
det_adul_life,FBgn0000257
det_adul_life,FBgn0000261
det_adul_life,FBgn0000330
det_adul_life,FBgn0000482
det_adul_life,FBgn0000546
det_adul_life,FBgn0000565
det_adul_life,FBgn0001087
det_adul_life,FBgn0001202
det_adul_life,FBgn0001223
det_adul_life,FBgn0001225
det_adul_life,FBgn0001226
det_adul_life,FBgn0001230
det_adul_life,FBgn0001247
det_adul_life,FBgn0001257
det_adul_life,FBgn0002566
det_adul_life,FBgn0002719
det_adul_life,FBgn0002774
det_adul_life,FBgn0002921
det_adul_life,FBgn0003068
det_adul_life,FBgn0003118
det_adul_life,FBgn0003205
det_adul_life,FBgn0003210
det_adul_life,FBgn0003256
det_adul_life,FBgn0003301
det_adul_life,FBgn0003308
det_adul_life,FBgn0003360
det_adul_life,FBgn0003435
det_adul_life,FBgn0003462
det_adul_life,FBgn0003502
det_adul_life,FBgn0003731
det_adul_life,FBgn0004373
det_adul_life,FBgn0004406
det_adul_life,FBgn0004507
det_adul_life,FBgn0004647
det_adul_life,FBgn0004657
det_adul_life,FBgn0004901
det_adul_life,FBgn0005198
det_adul_life,FBgn0005278
det_adul_life,FBgn0010213
det_adul_life,FBgn0010303
det_adul_life,FBgn0010531
det_adul_life,FBgn0011300
det_adul_life,FBgn0011455
det_adul_life,FBgn0012051
det_adul_life,FBgn0013672
det_adul_life,FBgn0013762
det_adul_life,FBgn0014141
det_adul_life,FBgn0014391
det_adul_life,FBgn0015269
det_adul_life,FBgn0015575
det_adul_life,FBgn0015765
det_adul_life,FBgn0015805
det_adul_life,FBgn0015946
det_adul_life,FBgn0016120
det_adul_life,FBgn0020238
det_adul_life,FBgn0020653
det_adul_life,FBgn0021796
det_adul_life,FBgn0022764
det_adul_life,FBgn0023000
det_adul_life,FBgn0023511
det_adul_life,FBgn0024248
det_adul_life,FBgn0024291
det_adul_life,FBgn0024432
det_adul_life,FBgn0024846
det_adul_life,FBgn0025352
det_adul_life,FBgn0025800
det_adul_life,FBgn0026317
det_adul_life,FBgn0026404
det_adul_life,FBgn0026439
det_adul_life,FBgn0027111
det_adul_life,FBgn0027491
det_adul_life,FBgn0027492
det_adul_life,FBgn0027779
det_adul_life,FBgn0028479
det_adul_life,FBgn0028707
det_adul_life,FBgn0028956
det_adul_life,FBgn0029002
det_adul_life,FBgn0029840
det_adul_life,FBgn0029856
det_adul_life,FBgn0029976
det_adul_life,FBgn0030057
det_adul_life,FBgn0030092
det_adul_life,FBgn0030350
det_adul_life,FBgn0030501
det_adul_life,FBgn0030695
det_adul_life,FBgn0030718
det_adul_life,FBgn0030766
det_adul_life,FBgn0031148
det_adul_life,FBgn0031263
det_adul_life,FBgn0031461
det_adul_life,FBgn0031820
det_adul_life,FBgn0031885
det_adul_life,FBgn0032210
det_adul_life,FBgn0032699
det_adul_life,FBgn0032840
det_adul_life,FBgn0033096
det_adul_life,FBgn0033127
det_adul_life,FBgn0033448
det_adul_life,FBgn0033799
det_adul_life,FBgn0033846
det_adul_life,FBgn0034009
det_adul_life,FBgn0034219
det_adul_life,FBgn0034312
det_adul_life,FBgn0034366
det_adul_life,FBgn0034521
det_adul_life,FBgn0034877
det_adul_life,FBgn0035131
det_adul_life,FBgn0035132
det_adul_life,FBgn0035468
det_adul_life,FBgn0035623
det_adul_life,FBgn0035789
det_adul_life,FBgn0035847
det_adul_life,FBgn0035977
det_adul_life,FBgn0036046
det_adul_life,FBgn0036191
det_adul_life,FBgn0036568
det_adul_life,FBgn0036756
det_adul_life,FBgn0036816
det_adul_life,FBgn0037574
det_adul_life,FBgn0037802
det_adul_life,FBgn0037873
det_adul_life,FBgn0037960
det_adul_life,FBgn0038074
det_adul_life,FBgn0038167
det_adul_life,FBgn0038197
det_adul_life,FBgn0038519
det_adul_life,FBgn0038570
det_adul_life,FBgn0038788
det_adul_life,FBgn0038880
det_adul_life,FBgn0039044
det_adul_life,FBgn0039576
det_adul_life,FBgn0040070
det_adul_life,FBgn0040294
det_adul_life,FBgn0040309
det_adul_life,FBgn0041342
det_adul_life,FBgn0042132
det_adul_life,FBgn0043792
det_adul_life,FBgn0045442
det_adul_life,FBgn0045443
det_adul_life,FBgn0051148
det_adul_life,FBgn0051216
det_adul_life,FBgn0051414
det_adul_life,FBgn0052475
det_adul_life,FBgn0052672
det_adul_life,FBgn0053126
det_adul_life,FBgn0053138
det_adul_life,FBgn0083087
det_adul_life,FBgn0086355
det_adul_life,FBgn0086361
det_adul_life,FBgn0243512
det_adul_life,FBgn0259170
det_adul_life,FBgn0259176
det_adul_life,FBgn0260466
det_adul_life,FBgn0261545
det_adul_life,FBgn0261560
det_adul_life,FBgn0262169
det_adul_life,FBgn0262368
det_adul_life,FBgn0262866
det_adul_life,FBgn0262975
det_adul_life,FBgn0263316
det_adul_life,FBgn0263397
det_adul_life,FBgn0263490
det_adul_life,FBgn0266557
det_adul_life,FBgn0283472
det_adul_life,FBgn0283499
det_adul_life,FBgn0284245
IR_sig_path,FBgn0001257
IR_sig_path,FBgn0003256
IR_sig_path,FBgn0003371
IR_sig_path,FBgn0004177
IR_sig_path,FBgn0005198
IR_sig_path,FBgn0010269
IR_sig_path,FBgn0010379
IR_sig_path,FBgn0010583
IR_sig_path,FBgn0015279
IR_sig_path,FBgn0015509
IR_sig_path,FBgn0020386
IR_sig_path,FBgn0020622
IR_sig_path,FBgn0021796
IR_sig_path,FBgn0023001
IR_sig_path,FBgn0024248
IR_sig_path,FBgn0025637
IR_sig_path,FBgn0025638
IR_sig_path,FBgn0026317
IR_sig_path,FBgn0026379
IR_sig_path,FBgn0027052
IR_sig_path,FBgn0027492
IR_sig_path,FBgn0028717
IR_sig_path,FBgn0028734
IR_sig_path,FBgn0028978
IR_sig_path,FBgn0029840
IR_sig_path,FBgn0030802
IR_sig_path,FBgn0031006
IR_sig_path,FBgn0033935
IR_sig_path,FBgn0035626
IR_sig_path,FBgn0036046
IR_sig_path,FBgn0036690
IR_sig_path,FBgn0037248
IR_sig_path,FBgn0038197
IR_sig_path,FBgn0038279
IR_sig_path,FBgn0039858
IR_sig_path,FBgn0041191
IR_sig_path,FBgn0041210
IR_sig_path,FBgn0042693
IR_sig_path,FBgn0044046
IR_sig_path,FBgn0044047
IR_sig_path,FBgn0044048
IR_sig_path,FBgn0044049
IR_sig_path,FBgn0044050
IR_sig_path,FBgn0044051
IR_sig_path,FBgn0052082
IR_sig_path,FBgn0086371
IR_sig_path,FBgn0086779
IR_sig_path,FBgn0260439
IR_sig_path,FBgn0262103
IR_sig_path,FBgn0262373
IR_sig_path,FBgn0262458
IR_sig_path,FBgn0262656
IR_sig_path,FBgn0263593
IR_sig_path,FBgn0264075
IR_sig_path,FBgn0264691
IR_sig_path,FBgn0266284
IR_sig_path,FBgn0266411
IR_sig_path,FBgn0267487
IR_sig_path,FBgn0283468
IR_sig_path,FBgn0283472
IR_sig_path,FBgn0283499
IR_sig_path,FBgn0286070
lip_met_proc,FBgn0000057
lip_met_proc,FBgn0000221
lip_met_proc,FBgn0000370
lip_met_proc,FBgn0000406
lip_met_proc,FBgn0000416
lip_met_proc,FBgn0000449
lip_met_proc,FBgn0000527
lip_met_proc,FBgn0000536
lip_met_proc,FBgn0000543
lip_met_proc,FBgn0000568
lip_met_proc,FBgn0001128
lip_met_proc,FBgn0001404
lip_met_proc,FBgn0001941
lip_met_proc,FBgn0002524
lip_met_proc,FBgn0002937
lip_met_proc,FBgn0003034
lip_met_proc,FBgn0003218
lip_met_proc,FBgn0003292
lip_met_proc,FBgn0003308
lip_met_proc,FBgn0003312
lip_met_proc,FBgn0003388
lip_met_proc,FBgn0003416
lip_met_proc,FBgn0003486
lip_met_proc,FBgn0003656
lip_met_proc,FBgn0003964
lip_met_proc,FBgn0004373
lip_met_proc,FBgn0004552
lip_met_proc,FBgn0004611
lip_met_proc,FBgn0004797
lip_met_proc,FBgn0004914
lip_met_proc,FBgn0004959
lip_met_proc,FBgn0010052
lip_met_proc,FBgn0010053
lip_met_proc,FBgn0010328
lip_met_proc,FBgn0010350
lip_met_proc,FBgn0010379
lip_met_proc,FBgn0010383
lip_met_proc,FBgn0010516
lip_met_proc,FBgn0010591
lip_met_proc,FBgn0010611
lip_met_proc,FBgn0011361
lip_met_proc,FBgn0011693
lip_met_proc,FBgn0011769
lip_met_proc,FBgn0012034
lip_met_proc,FBgn0013323
lip_met_proc,FBgn0013772
lip_met_proc,FBgn0014906
lip_met_proc,FBgn0015277
lip_met_proc,FBgn0015278
lip_met_proc,FBgn0015279
lip_met_proc,FBgn0015582
lip_met_proc,FBgn0015591
lip_met_proc,FBgn0016078
lip_met_proc,FBgn0016672
lip_met_proc,FBgn0016694
lip_met_proc,FBgn0016984
lip_met_proc,FBgn0019662
lip_met_proc,FBgn0020236
lip_met_proc,FBgn0020622
lip_met_proc,FBgn0021765
lip_met_proc,FBgn0023169
lip_met_proc,FBgn0023495
lip_met_proc,FBgn0023496
lip_met_proc,FBgn0023508
lip_met_proc,FBgn0023545
lip_met_proc,FBgn0024248
lip_met_proc,FBgn0024320
lip_met_proc,FBgn0024740
lip_met_proc,FBgn0025352
lip_met_proc,FBgn0025373
lip_met_proc,FBgn0025592
lip_met_proc,FBgn0025595
lip_met_proc,FBgn0025615
lip_met_proc,FBgn0025697
lip_met_proc,FBgn0025885
lip_met_proc,FBgn0026379
lip_met_proc,FBgn0026576
lip_met_proc,FBgn0026619
lip_met_proc,FBgn0026630
lip_met_proc,FBgn0026718
lip_met_proc,FBgn0027348
lip_met_proc,FBgn0027538
lip_met_proc,FBgn0027569
lip_met_proc,FBgn0027572
lip_met_proc,FBgn0027579
lip_met_proc,FBgn0027601
lip_met_proc,FBgn0027780
lip_met_proc,FBgn0028479
lip_met_proc,FBgn0028497
lip_met_proc,FBgn0028519
lip_met_proc,FBgn0028741
lip_met_proc,FBgn0028841
lip_met_proc,FBgn0028916
lip_met_proc,FBgn0029067
lip_met_proc,FBgn0029158
lip_met_proc,FBgn0029172
lip_met_proc,FBgn0029687
lip_met_proc,FBgn0029720
lip_met_proc,FBgn0029818
lip_met_proc,FBgn0029831
lip_met_proc,FBgn0029870
lip_met_proc,FBgn0029906
lip_met_proc,FBgn0029924
lip_met_proc,FBgn0029945
lip_met_proc,FBgn0029969
lip_met_proc,FBgn0029980
lip_met_proc,FBgn0030013
lip_met_proc,FBgn0030035
lip_met_proc,FBgn0030092
lip_met_proc,FBgn0030162
lip_met_proc,FBgn0030300
lip_met_proc,FBgn0030421
lip_met_proc,FBgn0030465
lip_met_proc,FBgn0030485
lip_met_proc,FBgn0030509
lip_met_proc,FBgn0030582
lip_met_proc,FBgn0030586
lip_met_proc,FBgn0030587
lip_met_proc,FBgn0030588
lip_met_proc,FBgn0030589
lip_met_proc,FBgn0030590
lip_met_proc,FBgn0030592
lip_met_proc,FBgn0030593
lip_met_proc,FBgn0030594
lip_met_proc,FBgn0030596
lip_met_proc,FBgn0030597
lip_met_proc,FBgn0030598
lip_met_proc,FBgn0030607
lip_met_proc,FBgn0030608
lip_met_proc,FBgn0030645
lip_met_proc,FBgn0030670
lip_met_proc,FBgn0030683
lip_met_proc,FBgn0030731
lip_met_proc,FBgn0030761
lip_met_proc,FBgn0030800
lip_met_proc,FBgn0030828
lip_met_proc,FBgn0030884
lip_met_proc,FBgn0031092
lip_met_proc,FBgn0031284
lip_met_proc,FBgn0031312
lip_met_proc,FBgn0031381
lip_met_proc,FBgn0031422
lip_met_proc,FBgn0031426
lip_met_proc,FBgn0031491
lip_met_proc,FBgn0031533
lip_met_proc,FBgn0031566
lip_met_proc,FBgn0031662
lip_met_proc,FBgn0031703
lip_met_proc,FBgn0031735
lip_met_proc,FBgn0031813
lip_met_proc,FBgn0031815
lip_met_proc,FBgn0031948
lip_met_proc,FBgn0031976
lip_met_proc,FBgn0031997
lip_met_proc,FBgn0032014
lip_met_proc,FBgn0032029
lip_met_proc,FBgn0032052
lip_met_proc,FBgn0032078
lip_met_proc,FBgn0032135
lip_met_proc,FBgn0032160
lip_met_proc,FBgn0032161
lip_met_proc,FBgn0032162
lip_met_proc,FBgn0032192
lip_met_proc,FBgn0032234
lip_met_proc,FBgn0032266
lip_met_proc,FBgn0032336
lip_met_proc,FBgn0032394
lip_met_proc,FBgn0032402
lip_met_proc,FBgn0032477
lip_met_proc,FBgn0032524
lip_met_proc,FBgn0032603
lip_met_proc,FBgn0032612
lip_met_proc,FBgn0032721
lip_met_proc,FBgn0032775
lip_met_proc,FBgn0032811
lip_met_proc,FBgn0032845
lip_met_proc,FBgn0032881
lip_met_proc,FBgn0032955
lip_met_proc,FBgn0032973
lip_met_proc,FBgn0032981
lip_met_proc,FBgn0033052
lip_met_proc,FBgn0033088
lip_met_proc,FBgn0033170
lip_met_proc,FBgn0033187
lip_met_proc,FBgn0033246
lip_met_proc,FBgn0033382
lip_met_proc,FBgn0033465
lip_met_proc,FBgn0033476
lip_met_proc,FBgn0033479
lip_met_proc,FBgn0033673
lip_met_proc,FBgn0033697
lip_met_proc,FBgn0033733
lip_met_proc,FBgn0033761
lip_met_proc,FBgn0033799
lip_met_proc,FBgn0033817
lip_met_proc,FBgn0033844
lip_met_proc,FBgn0033879
lip_met_proc,FBgn0033883
lip_met_proc,FBgn0033949
lip_met_proc,FBgn0033983
lip_met_proc,FBgn0033999
lip_met_proc,FBgn0034117
lip_met_proc,FBgn0034141
lip_met_proc,FBgn0034145
lip_met_proc,FBgn0034166
lip_met_proc,FBgn0034179
lip_met_proc,FBgn0034240
lip_met_proc,FBgn0034270
lip_met_proc,FBgn0034346
lip_met_proc,FBgn0034382
lip_met_proc,FBgn0034383
lip_met_proc,FBgn0034488
lip_met_proc,FBgn0034491
lip_met_proc,FBgn0034552
lip_met_proc,FBgn0034553
lip_met_proc,FBgn0034588
lip_met_proc,FBgn0034628
lip_met_proc,FBgn0034629
lip_met_proc,FBgn0034649
lip_met_proc,FBgn0034657
lip_met_proc,FBgn0034691
lip_met_proc,FBgn0034789
lip_met_proc,FBgn0034997
lip_met_proc,FBgn0034999
lip_met_proc,FBgn0035006
lip_met_proc,FBgn0035065
lip_met_proc,FBgn0035203
lip_met_proc,FBgn0035233
lip_met_proc,FBgn0035265
lip_met_proc,FBgn0035266
lip_met_proc,FBgn0035383
lip_met_proc,FBgn0035392
lip_met_proc,FBgn0035401
lip_met_proc,FBgn0035435
lip_met_proc,FBgn0035453
lip_met_proc,FBgn0035464
lip_met_proc,FBgn0035471
lip_met_proc,FBgn0035517
lip_met_proc,FBgn0035529
lip_met_proc,FBgn0035586
lip_met_proc,FBgn0035641
lip_met_proc,FBgn0035811
lip_met_proc,FBgn0035914
lip_met_proc,FBgn0035945
lip_met_proc,FBgn0036053
lip_met_proc,FBgn0036058
lip_met_proc,FBgn0036090
lip_met_proc,FBgn0036128
lip_met_proc,FBgn0036144
lip_met_proc,FBgn0036210
lip_met_proc,FBgn0036273
lip_met_proc,FBgn0036367
lip_met_proc,FBgn0036397
lip_met_proc,FBgn0036449
lip_met_proc,FBgn0036484
lip_met_proc,FBgn0036545
lip_met_proc,FBgn0036550
lip_met_proc,FBgn0036551
lip_met_proc,FBgn0036552
lip_met_proc,FBgn0036553
lip_met_proc,FBgn0036560
lip_met_proc,FBgn0036691
lip_met_proc,FBgn0036698
lip_met_proc,FBgn0036713
lip_met_proc,FBgn0036821
lip_met_proc,FBgn0036836
lip_met_proc,FBgn0036837
lip_met_proc,FBgn0036893
lip_met_proc,FBgn0036977
lip_met_proc,FBgn0036996
lip_met_proc,FBgn0037010
lip_met_proc,FBgn0037019
lip_met_proc,FBgn0037027
lip_met_proc,FBgn0037044
lip_met_proc,FBgn0037063
lip_met_proc,FBgn0037064
lip_met_proc,FBgn0037108
lip_met_proc,FBgn0037110
lip_met_proc,FBgn0037163
lip_met_proc,FBgn0037164
lip_met_proc,FBgn0037165
lip_met_proc,FBgn0037166
lip_met_proc,FBgn0037167
lip_met_proc,FBgn0037315
lip_met_proc,FBgn0037339
lip_met_proc,FBgn0037341
lip_met_proc,FBgn0037356
lip_met_proc,FBgn0037440
lip_met_proc,FBgn0037534
lip_met_proc,FBgn0037535
lip_met_proc,FBgn0037612
lip_met_proc,FBgn0037618
lip_met_proc,FBgn0037743
lip_met_proc,FBgn0037761
lip_met_proc,FBgn0037762
lip_met_proc,FBgn0037763
lip_met_proc,FBgn0037764
lip_met_proc,FBgn0037765
lip_met_proc,FBgn0037819
lip_met_proc,FBgn0037896
lip_met_proc,FBgn0037915
lip_met_proc,FBgn0037916
lip_met_proc,FBgn0037976
lip_met_proc,FBgn0037996
lip_met_proc,FBgn0037999
lip_met_proc,FBgn0038008
lip_met_proc,FBgn0038058
lip_met_proc,FBgn0038067
lip_met_proc,FBgn0038068
lip_met_proc,FBgn0038069
lip_met_proc,FBgn0038070
lip_met_proc,FBgn0038130
lip_met_proc,FBgn0038167
lip_met_proc,FBgn0038197
lip_met_proc,FBgn0038198
lip_met_proc,FBgn0038398
lip_met_proc,FBgn0038432
lip_met_proc,FBgn0038486
lip_met_proc,FBgn0038649
lip_met_proc,FBgn0038730
lip_met_proc,FBgn0038731
lip_met_proc,FBgn0038732
lip_met_proc,FBgn0038733
lip_met_proc,FBgn0038734
lip_met_proc,FBgn0038763
lip_met_proc,FBgn0038828
lip_met_proc,FBgn0038876
lip_met_proc,FBgn0038983
lip_met_proc,FBgn0038984
lip_met_proc,FBgn0038986
lip_met_proc,FBgn0039010
lip_met_proc,FBgn0039030
lip_met_proc,FBgn0039044
lip_met_proc,FBgn0039114
lip_met_proc,FBgn0039126
lip_met_proc,FBgn0039141
lip_met_proc,FBgn0039156
lip_met_proc,FBgn0039184
lip_met_proc,FBgn0039344
lip_met_proc,FBgn0039360
lip_met_proc,FBgn0039378
lip_met_proc,FBgn0039405
lip_met_proc,FBgn0039470
lip_met_proc,FBgn0039471
lip_met_proc,FBgn0039472
lip_met_proc,FBgn0039473
lip_met_proc,FBgn0039474
lip_met_proc,FBgn0039475
lip_met_proc,FBgn0039476
lip_met_proc,FBgn0039518
lip_met_proc,FBgn0039543
lip_met_proc,FBgn0039625
lip_met_proc,FBgn0039639
lip_met_proc,FBgn0039655
lip_met_proc,FBgn0039698
lip_met_proc,FBgn0039754
lip_met_proc,FBgn0039755
lip_met_proc,FBgn0039756
lip_met_proc,FBgn0039768
lip_met_proc,FBgn0039769
lip_met_proc,FBgn0039774
lip_met_proc,FBgn0039924
lip_met_proc,FBgn0040064
lip_met_proc,FBgn0040212
lip_met_proc,FBgn0040336
lip_met_proc,FBgn0040349
lip_met_proc,FBgn0040918
lip_met_proc,FBgn0041087
lip_met_proc,FBgn0041191
lip_met_proc,FBgn0041342
lip_met_proc,FBgn0042175
lip_met_proc,FBgn0042207
lip_met_proc,FBgn0042627
lip_met_proc,FBgn0043043
lip_met_proc,FBgn0043825
lip_met_proc,FBgn0044028
lip_met_proc,FBgn0045064
lip_met_proc,FBgn0050008
lip_met_proc,FBgn0050381
lip_met_proc,FBgn0050502
lip_met_proc,FBgn0050503
lip_met_proc,FBgn0051005
lip_met_proc,FBgn0051089
lip_met_proc,FBgn0051091
lip_met_proc,FBgn0051139
lip_met_proc,FBgn0051141
lip_met_proc,FBgn0051148
lip_met_proc,FBgn0051272
lip_met_proc,FBgn0051414
lip_met_proc,FBgn0051522
lip_met_proc,FBgn0051523
lip_met_proc,FBgn0051683
lip_met_proc,FBgn0051872
lip_met_proc,FBgn0052072
lip_met_proc,FBgn0052076
lip_met_proc,FBgn0052333
lip_met_proc,FBgn0052380
lip_met_proc,FBgn0052442
lip_met_proc,FBgn0052484
lip_met_proc,FBgn0052699
lip_met_proc,FBgn0053100
lip_met_proc,FBgn0053110
lip_met_proc,FBgn0053116
lip_met_proc,FBgn0053120
lip_met_proc,FBgn0053977
lip_met_proc,FBgn0061359
lip_met_proc,FBgn0067102
lip_met_proc,FBgn0067628
lip_met_proc,FBgn0085476
lip_met_proc,FBgn0085477
lip_met_proc,FBgn0086253
lip_met_proc,FBgn0086368
lip_met_proc,FBgn0086448
lip_met_proc,FBgn0086532
lip_met_proc,FBgn0086687
lip_met_proc,FBgn0086712
lip_met_proc,FBgn0086917
lip_met_proc,FBgn0250847
lip_met_proc,FBgn0250862
lip_met_proc,FBgn0259178
lip_met_proc,FBgn0259697
lip_met_proc,FBgn0259933
lip_met_proc,FBgn0259985
lip_met_proc,FBgn0260750
lip_met_proc,FBgn0260942
lip_met_proc,FBgn0260960
lip_met_proc,FBgn0261244
lip_met_proc,FBgn0261283
lip_met_proc,FBgn0261549
lip_met_proc,FBgn0261560
lip_met_proc,FBgn0261987
lip_met_proc,FBgn0262103
lip_met_proc,FBgn0262112
lip_met_proc,FBgn0262447
lip_met_proc,FBgn0262738
lip_met_proc,FBgn0263006
lip_met_proc,FBgn0263112
lip_met_proc,FBgn0263120
lip_met_proc,FBgn0263490
lip_met_proc,FBgn0263593
lip_met_proc,FBgn0263782
lip_met_proc,FBgn0264357
lip_met_proc,FBgn0264494
lip_met_proc,FBgn0264740
lip_met_proc,FBgn0264741
lip_met_proc,FBgn0264979
lip_met_proc,FBgn0265174
lip_met_proc,FBgn0265187
lip_met_proc,FBgn0265190
lip_met_proc,FBgn0265193
lip_met_proc,FBgn0265264
lip_met_proc,FBgn0265267
lip_met_proc,FBgn0266124
lip_met_proc,FBgn0266435
lip_met_proc,FBgn0266438
lip_met_proc,FBgn0267350
lip_met_proc,FBgn0267828
lip_met_proc,FBgn0283427
lip_met_proc,FBgn0283472
lip_met_proc,FBgn0283499
lip_met_proc,FBgn0283500
lip_met_proc,FBgn0286508
lip_met_proc,FBgn0286511
resp_to_starv,FBgn0000257
resp_to_starv,FBgn0000370
resp_to_starv,FBgn0000482
resp_to_starv,FBgn0001122
resp_to_starv,FBgn0001226
resp_to_starv,FBgn0001230
resp_to_starv,FBgn0001257
resp_to_starv,FBgn0002566
resp_to_starv,FBgn0003079
resp_to_starv,FBgn0003205
resp_to_starv,FBgn0003256
resp_to_starv,FBgn0003964
resp_to_starv,FBgn0003997
resp_to_starv,FBgn0004237
resp_to_starv,FBgn0004510
resp_to_starv,FBgn0004552
resp_to_starv,FBgn0004852
resp_to_starv,FBgn0010051
resp_to_starv,FBgn0010501
resp_to_starv,FBgn0011582
resp_to_starv,FBgn0014018
resp_to_starv,FBgn0015240
resp_to_starv,FBgn0015277
resp_to_starv,FBgn0015279
resp_to_starv,FBgn0015765
resp_to_starv,FBgn0015799
resp_to_starv,FBgn0016983
resp_to_starv,FBgn0020278
resp_to_starv,FBgn0020618
resp_to_starv,FBgn0023000
resp_to_starv,FBgn0023001
resp_to_starv,FBgn0023094
resp_to_starv,FBgn0023169
resp_to_starv,FBgn0024248
resp_to_starv,FBgn0024846
resp_to_starv,FBgn0024944
resp_to_starv,FBgn0025595
resp_to_starv,FBgn0025625
resp_to_starv,FBgn0026379
resp_to_starv,FBgn0026597
resp_to_starv,FBgn0027518
resp_to_starv,FBgn0028479
resp_to_starv,FBgn0028956
resp_to_starv,FBgn0029131
resp_to_starv,FBgn0029840
resp_to_starv,FBgn0029943
resp_to_starv,FBgn0030449
resp_to_starv,FBgn0030766
resp_to_starv,FBgn0030800
resp_to_starv,FBgn0031006
resp_to_starv,FBgn0031399
resp_to_starv,FBgn0032202
resp_to_starv,FBgn0032339
resp_to_starv,FBgn0033247
resp_to_starv,FBgn0033272
resp_to_starv,FBgn0033528
resp_to_starv,FBgn0033624
resp_to_starv,FBgn0033782
resp_to_starv,FBgn0033799
resp_to_starv,FBgn0033926
resp_to_starv,FBgn0034110
resp_to_starv,FBgn0034140
resp_to_starv,FBgn0034219
resp_to_starv,FBgn0034366
resp_to_starv,FBgn0034422
resp_to_starv,FBgn0035131
resp_to_starv,FBgn0035132
resp_to_starv,FBgn0035227
resp_to_starv,FBgn0035383
resp_to_starv,FBgn0035538
resp_to_starv,FBgn0035540
resp_to_starv,FBgn0035623
resp_to_starv,FBgn0035789
resp_to_starv,FBgn0035847
resp_to_starv,FBgn0035850
resp_to_starv,FBgn0035871
resp_to_starv,FBgn0036046
resp_to_starv,FBgn0036111
resp_to_starv,FBgn0036255
resp_to_starv,FBgn0036397
resp_to_starv,FBgn0036746
resp_to_starv,FBgn0036752
resp_to_starv,FBgn0036813
resp_to_starv,FBgn0037363
resp_to_starv,FBgn0037647
resp_to_starv,FBgn0037960
resp_to_starv,FBgn0038074
resp_to_starv,FBgn0038197
resp_to_starv,FBgn0038279
resp_to_starv,FBgn0038539
resp_to_starv,FBgn0038593
resp_to_starv,FBgn0038659
resp_to_starv,FBgn0038816
resp_to_starv,FBgn0039016
resp_to_starv,FBgn0039044
resp_to_starv,FBgn0039209
resp_to_starv,FBgn0039225
resp_to_starv,FBgn0039298
resp_to_starv,FBgn0039650
resp_to_starv,FBgn0039689
resp_to_starv,FBgn0039705
resp_to_starv,FBgn0040309
resp_to_starv,FBgn0040336
resp_to_starv,FBgn0040491
resp_to_starv,FBgn0041191
resp_to_starv,FBgn0041210
resp_to_starv,FBgn0044047
resp_to_starv,FBgn0044452
resp_to_starv,FBgn0045442
resp_to_starv,FBgn0045443
resp_to_starv,FBgn0050349
resp_to_starv,FBgn0052350
resp_to_starv,FBgn0052475
resp_to_starv,FBgn0052654
resp_to_starv,FBgn0052672
resp_to_starv,FBgn0052703
resp_to_starv,FBgn0086676
resp_to_starv,FBgn0086687
resp_to_starv,FBgn0260935
resp_to_starv,FBgn0260945
resp_to_starv,FBgn0261560
resp_to_starv,FBgn0261862
resp_to_starv,FBgn0262103
resp_to_starv,FBgn0262447
resp_to_starv,FBgn0262458
resp_to_starv,FBgn0262656
resp_to_starv,FBgn0263112
resp_to_starv,FBgn0263593
resp_to_starv,FBgn0263864
resp_to_starv,FBgn0264087
resp_to_starv,FBgn0264325
resp_to_starv,FBgn0264357
resp_to_starv,FBgn0264607
resp_to_starv,FBgn0265605
resp_to_starv,FBgn0266019
resp_to_starv,FBgn0266064
resp_to_starv,FBgn0266717
resp_to_starv,FBgn0283499
resp_to_starv,FBgn0285911
resp_to_starv,FBgn0285926
negRegl_trigly_catProc,FBgn0010379
negRegl_trigly_catProc,FBgn0024248
negRegl_trigly_catProc,FBgn0038167
negRegl_trigly_catProc,FBgn0262103