"FBgn","ModID"
"FBgn0027564","cyan"
"FBgn0085212","darkturquoise"
"FBgn0036110","cyan"
"FBgn0038244","tan"
"FBgn0036374","pink"
"FBgn0031412","darkturquoise"
"FBgn0053469","cyan"
"FBgn0052591","blue"
"FBgn0261020","brown"
"FBgn0032222","darkred"
"FBgn0030341","cyan"
"FBgn0004430","turquoise"
"FBgn0029502","cyan"
"FBgn0029722","darkgrey"
"FBgn0266101","royalblue"
"FBgn0037754","red"
"FBgn0040751","lightyellow"
"FBgn0037182","cyan"
"FBgn0039431","darkgrey"
"FBgn0032117","darkgrey"
"FBgn0031715","tan"
"FBgn0035464","salmon"
"FBgn0035468","blue"
"FBgn0033608","cyan"
"FBgn0024889","darkgreen"
"FBgn0025681","darkgrey"
"FBgn0039863","darkgreen"
"FBgn0037972","black"
"FBgn0259735","royalblue"
"FBgn0029903","royalblue"
"FBgn0050340","brown"
"FBgn0027505","greenyellow"
"FBgn0027507","black"
"FBgn0030239","turquoise"
"FBgn0036398","darkgreen"
"FBgn0035026","salmon"
"FBgn0264835","darkgrey"
"FBgn0039946","salmon"
"FBgn0267330","darkred"
"FBgn0264785","pink"
"FBgn0023508","salmon"
"FBgn0266572","pink"
"FBgn0051612","lightcyan"
"FBgn0000464","darkgrey"
"FBgn0028331","pink"
"FBgn0067779","darkgreen"
"FBgn0034436","turquoise"
"FBgn0036702","lightyellow"
"FBgn0039354","darkgrey"
"FBgn0040384","brown"
"FBgn0025865","black"
"FBgn0036118","cyan"
"FBgn0265663","blue"
"FBgn0023535","turquoise"
"FBgn0034643","salmon"
"FBgn0050404","darkgreen"
"FBgn0020620","darkgrey"
"FBgn0033669","cyan"
"FBgn0266869","tan"
"FBgn0032399","black"
"FBgn0032393","darkred"
"FBgn0013720","black"
"FBgn0002022","turquoise"
"FBgn0037955","cyan"
"FBgn0264562","darkgreen"
"FBgn0039623","pink"
"FBgn0027529","darkgrey"
"FBgn0065055","grey"
"FBgn0036152","darkgreen"
"FBgn0015513","turquoise"
"FBgn0026432","pink"
"FBgn0030873","brown"
"FBgn0038402","blue"
"FBgn0263048","darkgreen"
"FBgn0261570","royalblue"
"FBgn0020386","royalblue"
"FBgn0031390","pink"
"FBgn0010825","pink"
"FBgn0085736","turquoise"
"FBgn0051773","blue"
"FBgn0025802","darkgreen"
"FBgn0037728","greenyellow"
"FBgn0266741","turquoise"
"FBgn0266745","grey"
"FBgn0010488","pink"
"FBgn0035428","cyan"
"FBgn0035390","royalblue"
"FBgn0025394","pink"
"FBgn0025640","darkred"
"FBgn0037934","brown"
"FBgn0039357","skyblue"
"FBgn0035911","greenyellow"
"FBgn0011361","cyan"
"FBgn0027095","cyan"
"FBgn0023172","darkgreen"
"FBgn0027514","pink"
"FBgn0021825","lightgreen"
"FBgn0030853","cyan"
"FBgn0030859","turquoise"
"FBgn0033032","darkgreen"
"FBgn0038938","turquoise"
"FBgn0087039","pink"
"FBgn0036980","royalblue"
"FBgn0026620","darkgreen"
"FBgn0039451","tan"
"FBgn0039454","turquoise"
"FBgn0034291","brown"
"FBgn0031660","cyan"
"FBgn0034293","turquoise"
"FBgn0014011","brown"
"FBgn0038972","brown"
"FBgn0050440","black"
"FBgn0036291","pink"
"FBgn0033113","turquoise"
"FBgn0013765","pink"
"FBgn0025628","greenyellow"
"FBgn0039215","tan"
"FBgn0021814","cyan"
"FBgn0027872","black"
"FBgn0000212","lightcyan"
"FBgn0024556","greenyellow"
"FBgn0035953","pink"
"FBgn0051635","blue"
"FBgn0038577","darkturquoise"
"FBgn0264855","salmon"
"FBgn0051989","salmon"
"FBgn0030838","darkgreen"
"FBgn0032748","pink"
"FBgn0266540","black"
"FBgn0001994","royalblue"
"FBgn0024728","darkgreen"
"FBgn0250830","darkgrey"
"FBgn0038488","pink"
"FBgn0036734","darkgrey"
"FBgn0028931","salmon"
"FBgn0262714","royalblue"
"FBgn0000479","darkgreen"
"FBgn0031468","brown"
"FBgn0030330","black"
"FBgn0037106","black"
"FBgn0000611","darkgrey"
"FBgn0033827","turquoise"
"FBgn0031681","pink"
"FBgn0052699","pink"
"FBgn0031150","darkgreen"
"FBgn0263395","darkgrey"
"FBgn0033357","cyan"
"FBgn0011592","steelblue"
"FBgn0038303","royalblue"
"FBgn0038301","salmon"
"FBgn0045063","darkgrey"
"FBgn0030792","black"
"FBgn0265974","darkgreen"
"FBgn0025352","cyan"
"FBgn0035016","darkgrey"
"FBgn0039232","red"
"FBgn0267023","darkgreen"
"FBgn0035689","darkgreen"
"FBgn0038546","tan"
"FBgn0034645","cyan"
"FBgn0267001","blue"
"FBgn0284081","blue"
"FBgn0261111","cyan"
"FBgn0040228","brown"
"FBgn0265451","cyan"
"FBgn0030539","turquoise"
"FBgn0051472","brown"
"FBgn0030815","darkturquoise"
"FBgn0032940","turquoise"
"FBgn0020440","darkgreen"
"FBgn0038418","pink"
"FBgn0033544","blue"
"FBgn0083048","grey"
"FBgn0035237","darkgrey"
"FBgn0036254","black"
"FBgn0036255","darkgrey"
"FBgn0035238","pink"
"FBgn0052649","lightyellow"
"FBgn0260392","cyan"
"FBgn0029067","darkgreen"
"FBgn0037892","lightyellow"
"FBgn0000454","black"
"FBgn0000451","turquoise"
"FBgn0260642","turquoise"
"FBgn0039145","turquoise"
"FBgn0030178","black"
"FBgn0030311","turquoise"
"FBgn0037473","cyan"
"FBgn0038363","red"
"FBgn0037478","lightgreen"
"FBgn0266490","turquoise"
"FBgn0262866","darkgrey"
"FBgn0034871","turquoise"
"FBgn0010313","royalblue"
"FBgn0031816","blue"
"FBgn0086757","darkgrey"
"FBgn0002566","darkgreen"
"FBgn0259824","pink"
"FBgn0053255","red"
"FBgn0020261","tan"
"FBgn0031830","cyan"
"FBgn0034664","turquoise"
"FBgn0040793","cyan"
"FBgn0261353","cyan"
"FBgn0262108","tan"
"FBgn0032922","cyan"
"FBgn0053138","cyan"
"FBgn0013995","darkgrey"
"FBgn0039965","tan"
"FBgn0052666","blue"
"FBgn0064117","cyan"
"FBgn0032200","cyan"
"FBgn0267180","blue"
"FBgn0267988","darkgreen"
"FBgn0265298","black"
"FBgn0263400","turquoise"
"FBgn0038693","blue"
"FBgn0036239","salmon"
"FBgn0085370","darkgreen"
"FBgn0034859","black"
"FBgn0034504","red"
"FBgn0038344","lightcyan"
"FBgn0015781","turquoise"
"FBgn0262114","darkgreen"
"FBgn0010622","lightyellow"
"FBgn0086779","pink"
"FBgn0033050","cyan"
"FBgn0031762","darkgrey"
"FBgn0040009","black"
"FBgn0264324","darkgreen"
"FBgn0037332","salmon"
"FBgn0262740","darkgrey"
"FBgn0050291","lightyellow"
"FBgn0050295","darkgrey"
"FBgn0023509","pink"
"FBgn0030914","cyan"
"FBgn0036571","darkgrey"
"FBgn0261934","darkgreen"
"FBgn0261931","tan"
"FBgn0083940","darkgreen"
"FBgn0250851","blue"
"FBgn0030629","darkgrey"
"FBgn0039528","royalblue"
"FBgn0003285","darkgrey"
"FBgn0000414","darkgreen"
"FBgn0039109","cyan"
"FBgn0262124","pink"
"FBgn0011260","black"
"FBgn0015949","darkgreen"
"FBgn0031597","black"
"FBgn0030351","cyan"
"FBgn0036814","lightcyan"
"FBgn0036740","darkred"
"FBgn0033998","pink"
"FBgn0033339","darkgreen"
"FBgn0002909","darkgreen"
"FBgn0013810","pink"
"FBgn0010355","pink"
"FBgn0004889","pink"
"FBgn0033191","lightyellow"
"FBgn0039291","black"
"FBgn0037999","lightyellow"
"FBgn0003612","pink"
"FBgn0265169","cyan"
"FBgn0010909","royalblue"
"FBgn0266735","red"
"FBgn0264303","black"
"FBgn0033405","blue"
"FBgn0037358","cyan"
"FBgn0037609","black"
"FBgn0011747","darkgreen"
"FBgn0037468","pink"
"FBgn0040931","darkred"
"FBgn0014868","lightyellow"
"FBgn0015622","blue"
"FBgn0028541","black"
"FBgn0004698","pink"
"FBgn0032656","darkgreen"
"FBgn0260444","black"
"FBgn0034032","darkgreen"
"FBgn0063386","royalblue"
"FBgn0030536","turquoise"
"FBgn0034728","black"
"FBgn0030403","cyan"
"FBgn0034893","black"
"FBgn0034894","pink"
"FBgn0285952","cyan"
"FBgn0010379","lightcyan"
"FBgn0031459","darkred"
"FBgn0260941","red"
"FBgn0260945","darkgreen"
"FBgn0036760","cyan"
"FBgn0032000","cyan"
"FBgn0004860","darkgreen"
"FBgn0037019","darkturquoise"
"FBgn0051812","skyblue"
"FBgn0005198","darkgreen"
"FBgn0024294","turquoise"
"FBgn0038890","darkgreen"
"FBgn0035715","turquoise"
"FBgn0052016","darkgreen"
"FBgn0040022","darkgreen"
"FBgn0003093","red"
"FBgn0030674","darkgrey"
"FBgn0011769","cyan"
"FBgn0000326","cyan"
"FBgn0033272","darkred"
"FBgn0022153","pink"
"FBgn0015600","darkgrey"
"FBgn0034230","darkgreen"
"FBgn0000547","pink"
"FBgn0035203","greenyellow"
"FBgn0024291","darkgreen"
"FBgn0035944","turquoise"
"FBgn0028991","red"
"FBgn0033443","darkturquoise"
"FBgn0037703","darkgreen"
"FBgn0053558","darkgreen"
"FBgn0034029","black"
"FBgn0266418","red"
"FBgn0038678","red"
"FBgn0031377","pink"
"FBgn0038675","darkgrey"
"FBgn0265149","darkgreen"
"FBgn0040650","skyblue"
"FBgn0036942","cyan"
"FBgn0260965","darkgreen"
"FBgn0265998","darkgreen"
"FBgn0033480","greenyellow"
"FBgn0038872","royalblue"
"FBgn0035082","lightgreen"
"FBgn0035772","turquoise"
"FBgn0052783","darkgrey"
"FBgn0052441","blue"
"FBgn0260401","skyblue"
"FBgn0010620","darkgreen"
"FBgn0031256","cyan"
"FBgn0000228","darkgreen"
"FBgn0259178","darkgrey"
"FBgn0033252","darkgreen"
"FBgn0038020","brown"
"FBgn0002887","black"
"FBgn0036043","darkgreen"
"FBgn0034113","pink"
"FBgn0014391","darkred"
"FBgn0031820","lightcyan"
"FBgn0032348","royalblue"
"FBgn0039531","darkgrey"
"FBgn0039167","lightcyan"
"FBgn0028579","darkgreen"
"FBgn0267814","turquoise"
"FBgn0031061","darkgrey"
"FBgn0034674","royalblue"
"FBgn0030447","brown"
"FBgn0015477","lightcyan"
"FBgn0040850","cyan"
"FBgn0039697","turquoise"
"FBgn0030912","red"
"FBgn0000077","black"
"FBgn0000071","brown"
"FBgn0085443","royalblue"
"FBgn0085442","darkgreen"
"FBgn0033932","blue"
"FBgn0033935","black"
"FBgn0038583","salmon"
"FBgn0052767","pink"
"FBgn0010531","brown"
"FBgn0033972","brown"
"FBgn0032407","cyan"
"FBgn0042693","darkgrey"
"FBgn0030584","darkred"
"FBgn0000247","darkgreen"
"FBgn0259193","blue"
"FBgn0001404","steelblue"
"FBgn0039835","greenyellow"
"FBgn0030055","blue"
"FBgn0033236","pink"
"FBgn0034248","turquoise"
"FBgn0034240","darkgreen"
"FBgn0034245","darkred"
"FBgn0040336","darkturquoise"
"FBgn0032986","blue"
"FBgn0036512","lightyellow"
"FBgn0033312","darkgreen"
"FBgn0040064","cyan"
"FBgn0032363","lightcyan"
"FBgn0086659","red"
"FBgn0033609","darkgrey"
"FBgn0003205","tan"
"FBgn0259718","tan"
"FBgn0035323","lightyellow"
"FBgn0052260","blue"
"FBgn0031519","greenyellow"
"FBgn0036897","royalblue"
"FBgn0045800","darkgrey"
"FBgn0267762","turquoise"
"FBgn0026262","darkgreen"
"FBgn0000581","pink"
"FBgn0082922","cyan"
"FBgn0037218","darkgreen"
"FBgn0033915","darkgreen"
"FBgn0037602","darkred"
"FBgn0262115","lightcyan"
"FBgn0035515","cyan"
"FBgn0036300","cyan"
"FBgn0036305","darkgrey"
"FBgn0052230","cyan"
"FBgn0005640","royalblue"
"FBgn0264711","cyan"
"FBgn0032793","cyan"
"FBgn0262389","blue"
"FBgn0034405","cyan"
"FBgn0032429","tan"
"FBgn0086357","cyan"
"FBgn0031213","blue"
"FBgn0041188","darkgreen"
"FBgn0044323","darkgreen"
"FBgn0011016","cyan"
"FBgn0015808","cyan"
"FBgn0029878","darkgrey"
"FBgn0034269","pink"
"FBgn0037683","brown"
"FBgn0025741","lightcyan"
"FBgn0053094","blue"
"FBgn0030869","pink"
"FBgn0037873","cyan"
"FBgn0266813","cyan"
"FBgn0261845","darkgreen"
"FBgn0025186","pink"
"FBgn0031023","red"
"FBgn0026063","turquoise"
"FBgn0052264","darkgrey"
"FBgn0051510","darkgreen"
"FBgn0030435","turquoise"
"FBgn0031536","pink"
"FBgn0030773","blue"
"FBgn0030955","darkturquoise"
"FBgn0283438","red"
"FBgn0027558","tan"
"FBgn0050020","pink"
"FBgn0266159","cyan"
"FBgn0263289","blue"
"FBgn0011739","royalblue"
"FBgn0038816","darkgrey"
"FBgn0038811","greenyellow"
"FBgn0036323","darkturquoise"
"FBgn0021895","salmon"
"FBgn0000108","blue"
"FBgn0032445","greenyellow"
"FBgn0086372","darkgrey"
"FBgn0086371","greenyellow"
"FBgn0035793","blue"
"FBgn0259223","turquoise"
"FBgn0003016","royalblue"
"FBgn0039025","darkgreen"
"FBgn0039026","blue"
"FBgn0035065","lightyellow"
"FBgn0039790","darkgrey"
"FBgn0029890","cyan"
"FBgn0261610","darkgrey"
"FBgn0036911","darkgrey"
"FBgn0036203","turquoise"
"FBgn0027948","pink"
"FBgn0030759","lightyellow"
"FBgn0032612","turquoise"
"FBgn0035155","darkgrey"
"FBgn0263346","blue"
"FBgn0033639","darkgreen"
"FBgn0033636","darkgrey"
"FBgn0261823","darkgreen"
"FBgn0003716","steelblue"
"FBgn0037074","blue"
"FBgn0031106","black"
"FBgn0034071","blue"
"FBgn0037251","skyblue"
"FBgn0037252","pink"
"FBgn0030208","black"
"FBgn0266582","cyan"
"FBgn0027574","salmon"
"FBgn0038183","brown"
"FBgn0051390","black"
"FBgn0033401","darkturquoise"
"FBgn0033403","blue"
"FBgn0250820","brown"
"FBgn0036340","black"
"FBgn0031047","salmon"
"FBgn0051935","darkgreen"
"FBgn0039240","salmon"
"FBgn0032524","lightyellow"
"FBgn0264751","darkred"
"FBgn0035802","blue"
"FBgn0032465","lightyellow"
"FBgn0262699","darkgreen"
"FBgn0042185","pink"
"FBgn0022023","greenyellow"
"FBgn0038755","darkgrey"
"FBgn0030695","darkturquoise"
"FBgn0039831","salmon"
"FBgn0040359","salmon"
"FBgn0033989","tan"
"FBgn0037758","darkgrey"
"FBgn0265630","darkgrey"
"FBgn0037755","tan"
"FBgn0036593","cyan"
"FBgn0032876","pink"
"FBgn0032691","pink"
"FBgn0031426","turquoise"
"FBgn0003862","darkgreen"
"FBgn0263772","darkgrey"
"FBgn0259722","cyan"
"FBgn0259720","cyan"
"FBgn0034057","brown"
"FBgn0265757","red"
"FBgn0266657","lightgreen"
"FBgn0033428","brown"
"FBgn0036362","turquoise"
"FBgn0051915","darkgrey"
"FBgn0034626","royalblue"
"FBgn0023518","royalblue"
"FBgn0053182","royalblue"
"FBgn0003502","lightcyan"
"FBgn0035285","blue"
"FBgn0037142","darkgrey"
"FBgn0036958","darkgrey"
"FBgn0032901","darkgreen"
"FBgn0035270","darkgrey"
"FBgn0037197","cyan"
"FBgn0032817","darkgreen"
"FBgn0004509","darkgreen"
"FBgn0035639","greenyellow"
"FBgn0002593","turquoise"
"FBgn0266744","darkgreen"
"FBgn0037949","darkgreen"
"FBgn0037944","darkgreen"
"FBgn0259708","cyan"
"FBgn0039633","darkgreen"
"FBgn0038828","darkgrey"
"FBgn0003008","tan"
"FBgn0029976","salmon"
"FBgn0030641","turquoise"
"FBgn0050373","turquoise"
"FBgn0050372","pink"
"FBgn0085242","black"
"FBgn0036165","darkgrey"
"FBgn0040253","turquoise"
"FBgn0035588","cyan"
"FBgn0040257","turquoise"
"FBgn0038271","darkred"
"FBgn0014906","royalblue"
"FBgn0030863","pink"
"FBgn0083167","turquoise"
"FBgn0032717","darkgreen"
"FBgn0023530","cyan"
"FBgn0033677","darkgrey"
"FBgn0260464","skyblue"
"FBgn0036249","royalblue"
"FBgn0035722","brown"
"FBgn0028342","darkred"
"FBgn0020379","darkgrey"
"FBgn0034158","darkgreen"
"FBgn0019624","cyan"
"FBgn0030006","darkred"
"FBgn0010215","darkgreen"
"FBgn0260936","pink"
"FBgn0031092","cyan"
"FBgn0000330","black"
"FBgn0031777","lightyellow"
"FBgn0011290","salmon"
"FBgn0039402","brown"
"FBgn0040397","lightcyan"
"FBgn0050410","greenyellow"
"FBgn0267057","darkgrey"
"FBgn0263852","cyan"
"FBgn0020616","pink"
"FBgn0028426","blue"
"FBgn0028421","darkgrey"
"FBgn0004185","brown"
"FBgn0053510","turquoise"
"FBgn0035388","black"
"FBgn0039244","darkgreen"
"FBgn0260008","darkred"
"FBgn0261988","darkgrey"
"FBgn0037926","pink"
"FBgn0037921","salmon"
"FBgn0263667","black"
"FBgn0011604","black"
"FBgn0027885","darkgreen"
"FBgn0029958","black"
"FBgn0266521","pink"
"FBgn0029957","salmon"
"FBgn0027086","pink"
"FBgn0034368","brown"
"FBgn0267698","salmon"
"FBgn0030243","red"
"FBgn0029006","darkgreen"
"FBgn0085260","pink"
"FBgn0032512","darkgrey"
"FBgn0026376","darkgrey"
"FBgn0052816","pink"
"FBgn0267972","cyan"
"FBgn0263584","darkgrey"
"FBgn0035830","black"
"FBgn0261698","darkgrey"
"FBgn0033817","darkgrey"
"FBgn0033995","pink"
"FBgn0033812","darkturquoise"
"FBgn0034829","turquoise"
"FBgn0038339","cyan"
"FBgn0026778","royalblue"
"FBgn0035415","black"
"FBgn0031419","pink"
"FBgn0033100","lightyellow"
"FBgn0033408","blue"
"FBgn0025383","turquoise"
"FBgn0036991","pink"
"FBgn0058439","tan"
"FBgn0029712","darkgrey"
"FBgn0086707","black"
"FBgn0086254","cyan"
"FBgn0259749","brown"
"FBgn0259742","lightcyan"
"FBgn0046114","darkgrey"
"FBgn0020235","cyan"
"FBgn0016672","darkgrey"
"FBgn0027866","darkgrey"
"FBgn0031885","darkgrey"
"FBgn0050280","brown"
"FBgn0015278","lightcyan"
"FBgn0038100","darkgreen"
"FBgn0026402","black"
"FBgn0026401","lightcyan"
"FBgn0085284","skyblue"
"FBgn0082831","pink"
"FBgn0032752","salmon"
"FBgn0086069","darkgreen"
"FBgn0032247","brown"
"FBgn0032430","greenyellow"
"FBgn0053169","turquoise"
"FBgn0011817","lightcyan"
"FBgn0036566","darkgreen"
"FBgn0029529","darkred"
"FBgn0019957","turquoise"
"FBgn0052436","lightcyan"
"FBgn0028926","skyblue"
"FBgn0261508","turquoise"
"FBgn0261503","turquoise"
"FBgn0259234","darkgreen"
"FBgn0037130","blue"
"FBgn0025839","cyan"
"FBgn0033836","pink"
"FBgn0039466","pink"
"FBgn0039441","cyan"
"FBgn0031696","pink"
"FBgn0014020","turquoise"
"FBgn0002121","black"
"FBgn0266088","greenyellow"
"FBgn0266777","blue"
"FBgn0050108","brown"
"FBgn0050101","darkgrey"
"FBgn0027291","cyan"
"FBgn0261885","royalblue"
"FBgn0033699","darkred"
"FBgn0035741","blue"
"FBgn0043884","darkgreen"
"FBgn0085220","cyan"
"FBgn0029088","royalblue"
"FBgn0003371","red"
"FBgn0035032","darkred"
"FBgn0051992","darkgrey"
"FBgn0030806","pink"
"FBgn0032779","turquoise"
"FBgn0027335","pink"
"FBgn0003963","pink"
"FBgn0024734","blue"
"FBgn0035046","cyan"
"FBgn0038499","blue"
"FBgn0038943","greenyellow"
"FBgn0015239","red"
"FBgn0010877","pink"
"FBgn0010303","royalblue"
"FBgn0037445","blue"
"FBgn0037110","turquoise"
"FBgn0030329","brown"
"FBgn0261387","salmon"
"FBgn0004581","cyan"
"FBgn0050401","salmon"
"FBgn0051869","salmon"
"FBgn0266717","darkgreen"
"FBgn0004587","darkgrey"
"FBgn0263835","blue"
"FBgn0036242","turquoise"
"FBgn0033973","blue"
"FBgn0034861","cyan"
"FBgn0038376","darkturquoise"
"FBgn0045866","darkred"
"FBgn0262125","darkred"
"FBgn0037093","pink"
"FBgn0039959","darkgreen"
"FBgn0041205","brown"
"FBgn0003391","darkgreen"
"FBgn0022344","brown"
"FBgn0022349","black"
"FBgn0020277","blue"
"FBgn0037116","red"
"FBgn0052176","pink"
"FBgn0267632","blue"
"FBgn0026441","pink"
"FBgn0024251","royalblue"
"FBgn0039767","black"
"FBgn0264951","blue"
"FBgn0037659","darkgrey"
"FBgn0041781","tan"
"FBgn0250868","brown"
"FBgn0052654","royalblue"
"FBgn0035769","salmon"
"FBgn0264267","cyan"
"FBgn0032702","darkgreen"
"FBgn0283439","blue"
"FBgn0011211","turquoise"
"FBgn0016930","darkgrey"
"FBgn0014133","tan"
"FBgn0263977","grey"
"FBgn0266739","skyblue"
"FBgn0038682","turquoise"
"FBgn0037466","darkgrey"
"FBgn0036226","turquoise"
"FBgn0040575","darkred"
"FBgn0052423","darkgreen"
"FBgn0008635","cyan"
"FBgn0038612","black"
"FBgn0035073","pink"
"FBgn0054044","turquoise"
"FBgn0043069","greenyellow"
"FBgn0031881","cyan"
"FBgn0004390","royalblue"
"FBgn0263974","black"
"FBgn0004647","darkgreen"
"FBgn0013303","red"
"FBgn0037128","brown"
"FBgn0052676","pink"
"FBgn0037120","darkgreen"
"FBgn0032668","turquoise"
"FBgn0086408","salmon"
"FBgn0053508","turquoise"
"FBgn0033691","cyan"
"FBgn0035519","turquoise"
"FBgn0033984","pink"
"FBgn0026761","brown"
"FBgn0015790","brown"
"FBgn0015793","red"
"FBgn0051342","pink"
"FBgn0262166","tan"
"FBgn0262169","tan"
"FBgn0035517","brown"
"FBgn0013799","royalblue"
"FBgn0266993","darkgrey"
"FBgn0035173","black"
"FBgn0053269","turquoise"
"FBgn0035589","brown"
"FBgn0029689","darkturquoise"
"FBgn0029687","pink"
"FBgn0035726","cyan"
"FBgn0026375","darkgrey"
"FBgn0051076","brown"
"FBgn0032597","lightyellow"
"FBgn0030640","cyan"
"FBgn0037616","darkgreen"
"FBgn0037852","lightyellow"
"FBgn0264841","tan"
"FBgn0014857","darkred"
"FBgn0031494","darkturquoise"
"FBgn0261618","darkgreen"
"FBgn0029118","brown"
"FBgn0001169","black"
"FBgn0004407","blue"
"FBgn0001296","darkturquoise"
"FBgn0029594","lightyellow"
"FBgn0032643","greenyellow"
"FBgn0036476","darkgreen"
"FBgn0028743","darkgrey"
"FBgn0063392","royalblue"
"FBgn0003475","darkgrey"
"FBgn0053527","blue"
"FBgn0016977","darkgreen"
"FBgn0011259","darkgrey"
"FBgn0016754","red"
"FBgn0266441","black"
"FBgn0034087","black"
"FBgn0034081","black"
"FBgn0038647","brown"
"FBgn0036820","cyan"
"FBgn0036773","royalblue"
"FBgn0040608","turquoise"
"FBgn0284249","royalblue"
"FBgn0002914","pink"
"FBgn0047038","darkred"
"FBgn0085342","darkgrey"
"FBgn0004876","black"
"FBgn0023215","black"
"FBgn0036488","cyan"
"FBgn0036483","pink"
"FBgn0032256","pink"
"FBgn0040375","red"
"FBgn0038889","lightcyan"
"FBgn0031284","tan"
"FBgn0052000","blue"
"FBgn0027492","royalblue"
"FBgn0016696","darkgrey"
"FBgn0261797","blue"
"FBgn0030089","pink"
"FBgn0267651","red"
"FBgn0016691","cyan"
"FBgn0039709","salmon"
"FBgn0031758","cyan"
"FBgn0030883","blue"
"FBgn0029709","turquoise"
"FBgn0051118","red"
"FBgn0023516","cyan"
"FBgn0001105","tan"
"FBgn0037689","black"
"FBgn0021765","lightyellow"
"FBgn0023407","darkgrey"
"FBgn0035936","salmon"
"FBgn0029587","darkgrey"
"FBgn0034716","turquoise"
"FBgn0038666","black"
"FBgn0034570","darkgreen"
"FBgn0082999","blue"
"FBgn0082994","red"
"FBgn0032017","salmon"
"FBgn0037009","turquoise"
"FBgn0052343","black"
"FBgn0053221","darkgrey"
"FBgn0028515","brown"
"FBgn0260795","darkgrey"
"FBgn0052571","cyan"
"FBgn0029176","brown"
"FBgn0260940","darkred"
"FBgn0025700","cyan"
"FBgn0260944","black"
"FBgn0031738","cyan"
"FBgn0031736","salmon"
"FBgn0030065","darkgrey"
"FBgn0031607","lightyellow"
"FBgn0034389","darkgreen"
"FBgn0030605","cyan"
"FBgn0011770","cyan"
"FBgn0086785","lightyellow"
"FBgn0266635","brown"
"FBgn0034963","darkgrey"
"FBgn0034965","pink"
"FBgn0002891","pink"
"FBgn0261963","darkgrey"
"FBgn0001122","darkgreen"
"FBgn0029648","cyan"
"FBgn0037529","cyan"
"FBgn0085353","turquoise"
"FBgn0035951","salmon"
"FBgn0040068","red"
"FBgn0035371","darkgreen"
"FBgn0035372","turquoise"
"FBgn0036746","darkgreen"
"FBgn0001324","royalblue"
"FBgn0036860","blue"
"FBgn0034598","darkgreen"
"FBgn0051548","turquoise"
"FBgn0010380","tan"
"FBgn0000008","darkgreen"
"FBgn0283469","cyan"
"FBgn0036735","lightcyan"
"FBgn0033925","salmon"
"FBgn0033924","blue"
"FBgn0085478","darkgreen"
"FBgn0041111","darkgreen"
"FBgn0037027","black"
"FBgn0037024","greenyellow"
"FBgn0036192","brown"
"FBgn0004103","darkgreen"
"FBgn0035569","turquoise"
"FBgn0033748","salmon"
"FBgn0032298","greenyellow"
"FBgn0032292","cyan"
"FBgn0038590","tan"
"FBgn0025726","red"
"FBgn0025725","cyan"
"FBgn0031710","pink"
"FBgn0030593","turquoise"
"FBgn0000259","lightcyan"
"FBgn0000251","greenyellow"
"FBgn0067864","salmon"
"FBgn0261641","darkgrey"
"FBgn0261647","red"
"FBgn0029849","cyan"
"FBgn0051151","pink"
"FBgn0051158","darkgrey"
"FBgn0020496","pink"
"FBgn0033244","darkgreen"
"FBgn0034902","cyan"
"FBgn0036058","royalblue"
"FBgn0036059","darkgreen"
"FBgn0033029","lightcyan"
"FBgn0036667","black"
"FBgn0267568","darkgreen"
"FBgn0041585","darkgreen"
"FBgn0014380","turquoise"
"FBgn0032193","lightcyan"
"FBgn0032197","black"
"FBgn0086667","black"
"FBgn0034072","darkgreen"
"FBgn0259231","blue"
"FBgn0054002","black"
"FBgn0030757","darkgrey"
"FBgn0033734","cyan"
"FBgn0024806","darkgreen"
"FBgn0014163","pink"
"FBgn0000339","darkred"
"FBgn0011661","darkgreen"
"FBgn0034022","steelblue"
"FBgn0031500","cyan"
"FBgn0029939","red"
"FBgn0031052","tan"
"FBgn0267773","cyan"
"FBgn0039689","darkred"
"FBgn0267488","pink"
"FBgn0265434","steelblue"
"FBgn0039537","cyan"
"FBgn0035508","brown"
"FBgn0033769","turquoise"
"FBgn0267507","cyan"
"FBgn0033760","turquoise"
"FBgn0036317","darkgreen"
"FBgn0022986","darkgrey"
"FBgn0022985","pink"
"FBgn0022984","red"
"FBgn0039993","brown"
"FBgn0250907","darkgreen"
"FBgn0264707","darkgrey"
"FBgn0025639","pink"
"FBgn0039338","salmon"
"FBgn0263996","darkgreen"
"FBgn0259212","pink"
"FBgn0025740","darkgreen"
"FBgn0003575","royalblue"
"FBgn0052772","salmon"
"FBgn0263002","brown"
"FBgn0032130","black"
"FBgn0031997","black"
"FBgn0029737","cyan"
"FBgn0030027","darkgrey"
"FBgn0030026","darkred"
"FBgn0034253","black"
"FBgn0036078","blue"
"FBgn0004370","darkgreen"
"FBgn0004373","darkgreen"
"FBgn0250911","pink"
"FBgn0050489","turquoise"
"FBgn0050480","turquoise"
"FBgn0003747","red"
"FBgn0037849","blue"
"FBgn0037841","darkgrey"
"FBgn0062442","cyan"
"FBgn0261872","darkgreen"
"FBgn0035334","turquoise"
"FBgn0037374","lightyellow"
"FBgn0267849","blue"
"FBgn0030890","black"
"FBgn0030891","tan"
"FBgn0040623","cyan"
"FBgn0026079","greenyellow"
"FBgn0052250","brown"
"FBgn0250814","turquoise"
"FBgn0052259","blue"
"FBgn0030121","tan"
"FBgn0265576","cyan"
"FBgn0033961","cyan"
"FBgn0038552","turquoise"
"FBgn0035833","pink"
"FBgn0038804","darkturquoise"
"FBgn0035528","turquoise"
"FBgn0264895","darkgreen"
"FBgn0033624","cyan"
"FBgn0264426","darkgrey"
"FBgn0261837","darkgrey"
"FBgn0051516","turquoise"
"FBgn0264393","turquoise"
"FBgn0034975","darkgreen"
"FBgn0036624","black"
"FBgn0034970","black"
"FBgn0263511","blue"
"FBgn0263510","lightyellow"
"FBgn0036714","pink"
"FBgn0027950","tan"
"FBgn0034271","pink"
"FBgn0034275","turquoise"
"FBgn0036534","darkgreen"
"FBgn0264959","darkgreen"
"FBgn0032517","darkgreen"
"FBgn0037109","black"
"FBgn0032846","blue"
"FBgn0001092","black"
"FBgn0263352","royalblue"
"FBgn0036805","cyan"
"FBgn0285911","pink"
"FBgn0003495","royalblue"
"FBgn0261479","greenyellow"
"FBgn0034068","lightcyan"
"FBgn0034062","pink"
"FBgn0034689","tan"
"FBgn0036684","blue"
"FBgn0038223","royalblue"
"FBgn0035811","turquoise"
"FBgn0022027","lightyellow"
"FBgn0029935","darkgrey"
"FBgn0034246","turquoise"
"FBgn0083986","darkred"
"FBgn0039015","brown"
"FBgn0051897","darkgreen"
"FBgn0032633","royalblue"
"FBgn0261597","turquoise"
"FBgn0261049","darkgreen"
"FBgn0037671","brown"
"FBgn0035106","darkgreen"
"FBgn0030576","blue"
"FBgn0051713","cyan"
"FBgn0051715","lightyellow"
"FBgn0051717","cyan"
"FBgn0262527","salmon"
"FBgn0036919","cyan"
"FBgn0032138","black"
"FBgn0037749","brown"
"FBgn0069242","darkred"
"FBgn0032681","darkgrey"
"FBgn0034046","darkgrey"
"FBgn0058002","turquoise"
"FBgn0030743","cyan"
"FBgn0035483","black"
"FBgn0020660","darkgreen"
"FBgn0030744","pink"
"FBgn0263745","royalblue"
"FBgn0263746","darkgreen"
"FBgn0025571","blue"
"FBgn0027785","turquoise"
"FBgn0027780","red"
"FBgn0026787","brown"
"FBgn0037240","darkgreen"
